symbol,isin,trade_date,exchange,segment,series,trade_type,auction,quantity,price,trade_id,order_id,order_execution_time
STLTECH,INE089C01029,09-02-2026,NSE,EQ,EQ,buy,FALSE,59,135.699997,600130620,1300000000679202,2026-02-09T09:15:22
ACUTAAS,INE00FF01025,09-02-2026,NSE,EQ,EQ,buy,FALSE,6,1990.5,92828,1000000000581925,2026-02-09T09:15:30
TDPOWERSYS,INE419M01027,09-02-2026,NSE,EQ,EQ,buy,FALSE,12,795.75,600181788,1300000000950581,2026-02-09T09:15:39
BIL,INE828A01016,09-02-2026,BSE,EQ,B,buy,FALSE,1,927.200012,621400,1770607800094137022,2026-02-09T09:16:29
BIL,INE828A01016,09-02-2026,BSE,EQ,B,buy,FALSE,3,927.299988,627900,1770607800094137022,2026-02-09T09:16:29
BIL,INE828A01016,09-02-2026,NSE,EQ,EQ,buy,FALSE,6,927.25,379128,1000000003063291,2026-02-09T09:20:54
MRPL,INE103A01014,09-02-2026,NSE,EQ,EQ,buy,FALSE,50,191.779999,400513541,1200000000423523,2026-02-09T09:21:33
ARVIND,INE034A01011,09-02-2026,NSE,EQ,EQ,buy,FALSE,28,382.850006,429478,1000000003545724,2026-02-09T09:22:16
INDSWFTLAB,INE915B01019,09-02-2026,NSE,EQ,EQ,buy,FALSE,65,136.729996,200764958,1100000005363520,2026-02-09T09:22:33
GVT&D,INE200A01026,09-02-2026,NSE,EQ,EQ,buy,FALSE,2,3586,200740536,1100000005481313,2026-02-09T09:22:47
APEX,INE346W01013,09-02-2026,NSE,EQ,EQ,buy,FALSE,21,367.149994,496687,1000000004227008,2026-02-09T09:24:16
CONSOFINVT,INE025A01027,09-02-2026,NSE,EQ,EQ,buy,FALSE,22,220,550365,1000000000839773,2026-02-09T09:24:55
CONSOFINVT,INE025A01027,09-02-2026,NSE,EQ,EQ,buy,FALSE,10,220,516224,1000000000839773,2026-02-09T09:24:55
BLISSGVS,INE416D01022,17-02-2026,NSE,EQ,EQ,buy,FALSE,74,221.970001,21534,1000000000164811,2026-02-17T09:06:36
BLISSGVS,INE416D01022,17-02-2026,NSE,EQ,EQ,buy,FALSE,75,221.240005,103994,1000000000855928,2026-02-17T09:16:01
BLISSGVS,INE416D01022,17-02-2026,NSE,EQ,EQ,sell,FALSE,2,221.369995,124471,1000000001051758,2026-02-17T09:16:24
BLISSGVS,INE416D01022,17-02-2026,NSE,EQ,EQ,sell,FALSE,6,221.339996,124472,1000000001051758,2026-02-17T09:16:24
BLISSGVS,INE416D01022,17-02-2026,NSE,EQ,EQ,sell,FALSE,66,221.309998,124473,1000000001051758,2026-02-17T09:16:24
SCI,INE109A01011,17-02-2026,NSE,EQ,EQ,buy,FALSE,74,267.910004,600166300,1300000001455252,2026-02-17T09:16:52
SPORTKING,INE885H01029,17-02-2026,NSE,EQ,EQ,buy,FALSE,48,111.199997,600195955,1300000001768846,2026-02-17T09:17:29
SPORTKING,INE885H01029,17-02-2026,NSE,EQ,EQ,buy,FALSE,85,111.190002,600195954,1300000001768846,2026-02-17T09:17:29
AVANTIFEED,INE871C01038,17-02-2026,NSE,EQ,EQ,buy,FALSE,5,1352.599976,238163,1000000002152499,2026-02-17T09:19:02
AVANTIFEED,INE871C01038,17-02-2026,NSE,EQ,EQ,buy,FALSE,7,1353.300049,238164,1000000002152499,2026-02-17T09:19:02
BIL,INE828A01016,23-02-2026,NSE,EQ,EQ,sell,FALSE,10,805.049988,12141,1000000000183730,2026-02-23T09:04:00
GVPIL,INE878A01011,23-02-2026,NSE,EQ,EQ,buy,FALSE,30,479.25,200295678,1100000002023100,2026-02-23T09:17:10
APEX,INE346W01013,04-03-2026,BSE,EQ,B,sell,FALSE,21,353.649994,6631100,1772601237774587143,2026-03-04T11:33:48
JINDALPOLY,INE197D01010,09-03-2026,NSE,EQ,EQ,buy,FALSE,21,773.150024,201495549,1100000008597527,2026-03-09T09:29:56
JINDALPOLY,INE197D01010,09-03-2026,NSE,EQ,EQ,buy,FALSE,8,773.150024,201495550,1100000008597527,2026-03-09T09:29:56
DATAPATTNS,INE0IX101010,09-03-2026,NSE,EQ,EQ,buy,FALSE,7,3442.899902,201514569,1100000008714281,2026-03-09T09:30:10
KRISHNADEF,INE0J5601015,09-03-2026,NSE,EQ,EQ,buy,FALSE,14,1154.400024,401251184,1200000007241988,2026-03-09T09:30:19
ARVIND,INE034A01011,09-03-2026,BSE,EQ,A,sell,FALSE,1,332.450012,1949700,1773027000032567212,2026-03-09T09:33:02
ARVIND,INE034A01011,09-03-2026,BSE,EQ,A,sell,FALSE,18,332.200012,1949900,1773027000032567212,2026-03-09T09:33:02
ARVIND,INE034A01011,09-03-2026,BSE,EQ,A,sell,FALSE,9,332.149994,1950100,1773027000032567212,2026-03-09T09:33:02
SCI,INE109A01011,09-03-2026,NSE,EQ,EQ,sell,FALSE,74,230.25,601442690,1300000008591353,2026-03-09T09:33:46
STLTECH,INE089C01029,09-03-2026,NSE,EQ,EQ,buy,FALSE,55,171.619995,601479973,1300000008897127,2026-03-09T09:34:32
AVANTIFEED,INE871C01038,09-03-2026,BSE,EQ,A,sell,FALSE,10,1145.199951,2940400,1773027000000695173,2026-03-09T09:35:15
AVANTIFEED,INE871C01038,09-03-2026,BSE,EQ,A,sell,FALSE,2,1145.150024,2940600,1773027000000695173,2026-03-09T09:35:15
FINCABLES,INE235A01022,09-03-2026,NSE,EQ,EQ,buy,FALSE,11,957.299988,201950809,1100000011874147,2026-03-09T09:35:59
FINCABLES,INE235A01022,09-03-2026,NSE,EQ,EQ,buy,FALSE,12,957.150024,201950808,1100000011874147,2026-03-09T09:35:59
FINCABLES,INE235A01022,09-03-2026,NSE,EQ,EQ,buy,FALSE,4,957.099976,201950807,1100000011874147,2026-03-09T09:35:59
FINCABLES,INE235A01022,09-03-2026,NSE,EQ,EQ,buy,FALSE,5,957.400024,201950810,1100000011874147,2026-03-09T09:35:59
MRPL,INE103A01014,16-03-2026,NSE,EQ,EQ,sell,FALSE,50,175.649994,400501120,1200000003823247,2026-03-16T09:21:12
FINCABLES,INE235A01022,16-03-2026,NSE,EQ,EQ,sell,FALSE,29,850.799988,200716556,1100000005045003,2026-03-16T09:21:19
FINCABLES,INE235A01022,16-03-2026,NSE,EQ,EQ,sell,FALSE,3,851.150024,200716555,1100000005045003,2026-03-16T09:21:19
TDPOWERSYS,INE419M01027,16-03-2026,NSE,EQ,EQ,sell,FALSE,11,787.5,602305295,1300000022297613,2026-03-16T10:00:03
TDPOWERSYS,INE419M01027,16-03-2026,NSE,EQ,EQ,sell,FALSE,1,787.549988,602305294,1300000022297613,2026-03-16T10:00:03
TITANBIO,INE150C01029,16-03-2026,BSE,EQ,XT,buy,FALSE,39,361,1366500,1773631800003052704,2026-03-16T10:01:07
MAHASTEEL,INE451L01014,16-03-2026,NSE,EQ,EQ,buy,FALSE,1,929.799988,401960379,1200000020165343,2026-03-16T10:01:16
MAHASTEEL,INE451L01014,16-03-2026,NSE,EQ,EQ,buy,FALSE,1,929.799988,401960381,1200000020165343,2026-03-16T10:01:16
MAHASTEEL,INE451L01014,16-03-2026,NSE,EQ,EQ,buy,FALSE,1,929.799988,401960383,1200000020165343,2026-03-16T10:01:16
MAHASTEEL,INE451L01014,16-03-2026,NSE,EQ,EQ,buy,FALSE,1,929.799988,401960385,1200000020165343,2026-03-16T10:01:16
MAHASTEEL,INE451L01014,16-03-2026,NSE,EQ,EQ,buy,FALSE,1,929.799988,401960387,1200000020165343,2026-03-16T10:01:16
MAHASTEEL,INE451L01014,16-03-2026,NSE,EQ,EQ,buy,FALSE,1,929.799988,401960388,1200000020165343,2026-03-16T10:01:16
MAHASTEEL,INE451L01014,16-03-2026,NSE,EQ,EQ,buy,FALSE,3,929.799988,401960378,1200000020165343,2026-03-16T10:01:16
MAHASTEEL,INE451L01014,16-03-2026,NSE,EQ,EQ,buy,FALSE,3,929.799988,401960380,1200000020165343,2026-03-16T10:01:16
MAHASTEEL,INE451L01014,16-03-2026,NSE,EQ,EQ,buy,FALSE,3,929.799988,401960382,1200000020165343,2026-03-16T10:01:16
MAHASTEEL,INE451L01014,16-03-2026,NSE,EQ,EQ,buy,FALSE,3,929.799988,401960384,1200000020165343,2026-03-16T10:01:16
MAHASTEEL,INE451L01014,16-03-2026,NSE,EQ,EQ,buy,FALSE,3,929.799988,401960386,1200000020165343,2026-03-16T10:01:16
NATIONALUM,INE139A01034,16-03-2026,NSE,EQ,EQ,buy,FALSE,60,379.299988,401972760,1200000020321979,2026-03-16T10:01:42
KRISHNADEF,INE0J5601015,19-03-2026,NSE,EQ,EQ,sell,FALSE,7,911.599976,402188550,1200000025387104,2026-03-19T10:34:35
KRISHNADEF,INE0J5601015,19-03-2026,NSE,EQ,EQ,sell,FALSE,7,911.700012,402188549,1200000025387104,2026-03-19T10:34:35
CONSOFINVT,INE025A01027,20-03-2026,NSE,EQ,BE,sell,FALSE,32,221.949997,770065,1000000007625167,2026-03-20T09:32:44
VENUSREM,INE411B01019,23-03-2026,NSE,EQ,EQ,buy,FALSE,10,872.299988,601170955,1300000009439361,2026-03-23T09:29:19
VENUSREM,INE411B01019,23-03-2026,NSE,EQ,EQ,buy,FALSE,11,872.950012,601170958,1300000009439361,2026-03-23T09:29:19
VENUSREM,INE411B01019,23-03-2026,NSE,EQ,EQ,buy,FALSE,1,872.599976,601170956,1300000009439361,2026-03-23T09:29:19
VENUSREM,INE411B01019,23-03-2026,NSE,EQ,EQ,buy,FALSE,1,872.900024,601170957,1300000009439361,2026-03-23T09:29:19
GVPIL,INE878A01011,23-03-2026,NSE,EQ,BE,sell,FALSE,10,411,201461695,1100000011080988,2026-03-23T09:29:32
GVPIL,INE878A01011,23-03-2026,NSE,EQ,BE,sell,FALSE,20,410,201461696,1100000011080988,2026-03-23T09:29:32
KTKBANK,INE614B01018,23-03-2026,NSE,EQ,EQ,buy,FALSE,77,220.279999,400930172,1200000008460289,2026-03-23T09:29:52
BLISSGVS,INE416D01022,23-03-2026,NSE,EQ,EQ,sell,FALSE,19,203.410004,829133,1000000007465311,2026-03-23T09:30:07
BLISSGVS,INE416D01022,23-03-2026,NSE,EQ,EQ,sell,FALSE,3,203.410004,829131,1000000007465311,2026-03-23T09:30:07
BLISSGVS,INE416D01022,23-03-2026,NSE,EQ,EQ,sell,FALSE,3,203.410004,829132,1000000007465311,2026-03-23T09:30:07
BLISSGVS,INE416D01022,23-03-2026,NSE,EQ,EQ,sell,FALSE,43,203.399994,829134,1000000007465311,2026-03-23T09:30:07
BLISSGVS,INE416D01022,23-03-2026,NSE,EQ,EQ,sell,FALSE,7,203.419998,829130,1000000007465311,2026-03-23T09:30:07
WHEELS,INE715A01015,23-03-2026,NSE,EQ,EQ,buy,FALSE,2,1023.400024,601238414,1300000010014047,2026-03-23T09:30:24
WHEELS,INE715A01015,23-03-2026,NSE,EQ,EQ,buy,FALSE,3,1023.299988,601238411,1300000010014047,2026-03-23T09:30:24
WHEELS,INE715A01015,23-03-2026,NSE,EQ,EQ,buy,FALSE,4,1023.299988,601238412,1300000010014047,2026-03-23T09:30:24
WHEELS,INE715A01015,23-03-2026,NSE,EQ,EQ,buy,FALSE,6,1023.349976,601238413,1300000010014047,2026-03-23T09:30:24
LINDEINDIA,INE473A01011,23-03-2026,NSE,EQ,EQ,buy,FALSE,2,6811.5,401215630,1200000011480497,2026-03-23T09:36:43
JINDALPOLY,INE197D01010,01-04-2026,NSE,EQ,EQ,sell,FALSE,1,713,203630195,1100000033572152,2026-04-01T10:21:20
JINDALPOLY,INE197D01010,01-04-2026,NSE,EQ,EQ,sell,FALSE,1,713,203630196,1100000033572152,2026-04-01T10:21:20
JINDALPOLY,INE197D01010,01-04-2026,NSE,EQ,EQ,sell,FALSE,22,713,203630197,1100000033572152,2026-04-01T10:21:20
JINDALPOLY,INE197D01010,01-04-2026,NSE,EQ,EQ,sell,FALSE,5,712.950012,203630198,1100000033572152,2026-04-01T10:21:20
AETHER,INE0BWX01014,01-04-2026,NSE,EQ,EQ,buy,FALSE,14,1121.599976,2442194,1000000022645573,2026-04-01T10:23:58
AETHER,INE0BWX01014,01-04-2026,NSE,EQ,EQ,buy,FALSE,4,1121.5,2442193,1000000022645573,2026-04-01T10:23:58
WHEELS,INE715A01015,06-04-2026,NSE,EQ,EQ,sell,FALSE,1,966.099976,600433783,1300000002817529,2026-04-06T09:18:26
WHEELS,INE715A01015,06-04-2026,NSE,EQ,EQ,sell,FALSE,6,966.25,600433781,1300000002817529,2026-04-06T09:18:26
WHEELS,INE715A01015,06-04-2026,NSE,EQ,EQ,sell,FALSE,8,966.200012,600433782,1300000002817529,2026-04-06T09:18:26
DATAPATTNS,INE0IX101010,06-04-2026,NSE,EQ,EQ,sell,FALSE,1,3006.100098,200479297,1100000003152330,2026-04-06T09:18:36
DATAPATTNS,INE0IX101010,06-04-2026,NSE,EQ,EQ,sell,FALSE,1,3006.199951,200479296,1100000003152330,2026-04-06T09:18:36
DATAPATTNS,INE0IX101010,06-04-2026,NSE,EQ,EQ,sell,FALSE,2,3006.100098,200479298,1100000003152330,2026-04-06T09:18:36
DATAPATTNS,INE0IX101010,06-04-2026,NSE,EQ,EQ,sell,FALSE,3,3006.199951,200479295,1100000003152330,2026-04-06T09:18:36
ACUTAAS,INE00FF01025,06-04-2026,BSE,EQ,A,sell,FALSE,1,2075.75,1191200,1775446200067299638,2026-04-06T09:18:43
ACUTAAS,INE00FF01025,06-04-2026,BSE,EQ,A,sell,FALSE,2,2075.449951,1191400,1775446200067299638,2026-04-06T09:18:43
ACUTAAS,INE00FF01025,06-04-2026,BSE,EQ,A,sell,FALSE,3,2075.800049,1191000,1775446200067299638,2026-04-06T09:18:43
NATIONALUM,INE139A01034,07-04-2026,NSE,EQ,EQ,sell,FALSE,60,412.5,400183010,1200000001343153,2026-04-07T09:16:46
GVTD,INE200A01026,07-04-2026,BSE,EQ,A,sell,FALSE,2,3720.050049,523800,1775532600064136261,2026-04-07T09:16:54
INDSWFTLAB,INE915B01019,07-04-2026,NSE,EQ,EQ,sell,FALSE,65,140.229996,200255795,1100000001888309,2026-04-07T09:17:01
RPSGVENT,INE425Y01011,07-04-2026,NSE,EQ,EQ,buy,FALSE,19,1146.550049,600325976,1300000002427828,2026-04-07T09:18:11
DALMIASUG,INE495A01022,07-04-2026,NSE,EQ,EQ,buy,FALSE,18,389.200012,200394252,1100000003134031,2026-04-07T09:18:58
DALMIASUG,INE495A01022,07-04-2026,NSE,EQ,EQ,buy,FALSE,20,389.149994,200394251,1100000003134031,2026-04-07T09:18:58
DALMIASUG,INE495A01022,07-04-2026,NSE,EQ,EQ,buy,FALSE,6,389.149994,200394250,1100000003134031,2026-04-07T09:18:58
DBOL,INE0I3401014,07-04-2026,NSE,EQ,EQ,buy,FALSE,155,119.949997,200644659,1100000005257786,2026-04-07T09:22:25
DCI,INE0A1101019,07-04-2026,NSE,EQ,EQ,buy,FALSE,11,365.899994,200718813,1100000005901477,2026-04-07T09:23:29
DCI,INE0A1101019,07-04-2026,NSE,EQ,EQ,buy,FALSE,5,365.950012,200718814,1100000005901477,2026-04-07T09:23:29
DCI,INE0A1101019,07-04-2026,NSE,EQ,EQ,buy,FALSE,54,365.899994,200718812,1100000005901477,2026-04-07T09:23:29
PFOCUS,INE367G01038,07-04-2026,NSE,EQ,EQ,buy,FALSE,46,352,400699606,1200000006698335,2026-04-07T09:27:17
DCI,INE0A1101019,10-04-2026,NSE,EQ,BE,sell,FALSE,70,347.649994,203674436,1100000006990585,2026-04-10T09:27:01
RPSGVENT,INE425Y01011,13-04-2026,NSE,EQ,EQ,sell,FALSE,15,954.700012,600192381,1300000000945962,2026-04-13T09:15:49
RPSGVENT,INE425Y01011,13-04-2026,NSE,EQ,EQ,sell,FALSE,4,954.75,600192380,1300000000945962,2026-04-13T09:15:49
TITANBIO,INE150C01029,13-04-2026,BSE,EQ,XT,sell,FALSE,10,410,2806400,1776051000001005361,2026-04-13T09:16:11
TITANBIO,INE150C01029,13-04-2026,BSE,EQ,XT,sell,FALSE,1,410,2803000,1776051000001005361,2026-04-13T09:16:11
TITANBIO,INE150C01029,13-04-2026,BSE,EQ,XT,sell,FALSE,4,410,2783800,1776051000001005361,2026-04-13T09:16:11
TITANBIO,INE150C01029,13-04-2026,BSE,EQ,XT,sell,FALSE,4,410,2805000,1776051000001005361,2026-04-13T09:16:11
TITANBIO,INE150C01029,13-04-2026,BSE,EQ,XT,sell,FALSE,4,410,2806800,1776051000001005361,2026-04-13T09:16:11
TITANBIO,INE150C01029,13-04-2026,BSE,EQ,XT,sell,FALSE,4,410,2807400,1776051000001005361,2026-04-13T09:16:11
TITANBIO,INE150C01029,13-04-2026,BSE,EQ,XT,sell,FALSE,4,410,2808900,1776051000001005361,2026-04-13T09:16:11
TITANBIO,INE150C01029,13-04-2026,BSE,EQ,XT,sell,FALSE,8,410,2812000,1776051000001005361,2026-04-13T09:16:11
PFOCUS,INE367G01038,04-05-2026,BSE,EQ,B,sell,FALSE,46,307,1614600,1777865400058617181,2026-05-04T09:38:34
IRMENERGY,INE07U701015,04-05-2026,NSE,EQ,EQ,buy,FALSE,60,358.799988,202066279,1100000016077464,2026-05-04T09:41:27
HFCL,INE548A01028,04-05-2026,NSE,EQ,EQ,buy,FALSE,1,120.639999,202083705,1100000016236470,2026-05-04T09:41:49
HFCL,INE548A01028,04-05-2026,NSE,EQ,EQ,buy,FALSE,143,120.650002,202083707,1100000016236470,2026-05-04T09:41:49
HFCL,INE548A01028,04-05-2026,NSE,EQ,EQ,buy,FALSE,36,120.639999,202083706,1100000016236470,2026-05-04T09:41:49
MAHASTEEL,INE451L01014,04-05-2026,NSE,EQ,BE,sell,FALSE,21,845,401590571,1200000014344348,2026-05-04T09:42:37
JAYNECOIND,INE854B01010,04-05-2026,NSE,EQ,EQ,buy,FALSE,168,112.309998,202127645,1100000016622636,2026-05-04T09:42:48
JAYNECOIND,INE854B01010,04-05-2026,NSE,EQ,EQ,buy,FALSE,41,112.32,202127646,1100000016622636,2026-05-04T09:42:48
IRMENERGY,INE07U701015,11-05-2026,NSE,EQ,EQ,sell,FALSE,24,303.5,206937951,1100000058999668,2026-05-11T12:25:45
IRMENERGY,INE07U701015,11-05-2026,NSE,EQ,EQ,sell,FALSE,36,303.5,206937950,1100000058999668,2026-05-11T12:25:45
AETHER,INE0BWX01014,20-05-2026,NSE,EQ,EQ,sell,FALSE,1,1075.5,197846,1000000001343955,2026-05-20T09:16:44
AETHER,INE0BWX01014,20-05-2026,NSE,EQ,EQ,sell,FALSE,1,1075.5,197849,1000000001343955,2026-05-20T09:16:44
AETHER,INE0BWX01014,20-05-2026,NSE,EQ,EQ,sell,FALSE,1,1075.5,197850,1000000001343955,2026-05-20T09:16:44
AETHER,INE0BWX01014,20-05-2026,NSE,EQ,EQ,sell,FALSE,2,1075.5,197851,1000000001343955,2026-05-20T09:16:44
AETHER,INE0BWX01014,20-05-2026,NSE,EQ,EQ,sell,FALSE,5,1075.5,197847,1000000001343955,2026-05-20T09:16:44
AETHER,INE0BWX01014,20-05-2026,NSE,EQ,EQ,sell,FALSE,8,1075.5,197848,1000000001343955,2026-05-20T09:16:44
DALMIASUG,INE495A01022,20-05-2026,NSE,EQ,EQ,sell,FALSE,16,338.649994,200277979,1100000001809119,2026-05-20T09:16:50
DALMIASUG,INE495A01022,20-05-2026,NSE,EQ,EQ,sell,FALSE,28,338.700012,200277978,1100000001809119,2026-05-20T09:16:50
JAYNECOIND,INE854B01010,20-05-2026,NSE,EQ,EQ,sell,FALSE,1,99.919998,200374432,1100000002550272,2026-05-20T09:17:56
JAYNECOIND,INE854B01010,20-05-2026,NSE,EQ,EQ,sell,FALSE,132,99.849998,200374435,1100000002550272,2026-05-20T09:17:56
JAYNECOIND,INE854B01010,20-05-2026,NSE,EQ,EQ,sell,FALSE,2,99.910004,200374433,1100000002550272,2026-05-20T09:17:56
JAYNECOIND,INE854B01010,20-05-2026,NSE,EQ,EQ,sell,FALSE,74,99.879997,200374434,1100000002550272,2026-05-20T09:17:56
DBOL,INE0I3401014,20-05-2026,NSE,EQ,BE,sell,FALSE,1,106.010002,201041235,1100000007605886,2026-05-20T09:26:51
DBOL,INE0I3401014,20-05-2026,NSE,EQ,BE,sell,FALSE,112,106.050003,200985078,1100000007605886,2026-05-20T09:26:51
DBOL,INE0I3401014,20-05-2026,NSE,EQ,BE,sell,FALSE,42,106.010002,201051668,1100000007605886,2026-05-20T09:26:51
KTKBANK,INE614B01018,25-05-2026,NSE,EQ,EQ,sell,FALSE,77,263.850006,400680540,1200000005789357,2026-05-25T09:25:11
BALAMINES,INE050E01027,25-05-2026,NSE,EQ,EQ,buy,FALSE,4,1860,600996,1000000004824659,2026-05-25T09:25:30
BALAMINES,INE050E01027,25-05-2026,NSE,EQ,EQ,buy,FALSE,8,1859.900024,600995,1000000004824659,2026-05-25T09:25:30
MTARTECH,INE864I01014,25-05-2026,NSE,EQ,EQ,buy,FALSE,3,7932.5,400723288,1200000006194352,2026-05-25T09:26:08
LINDEINDIA,INE473A01011,25-05-2026,NSE,EQ,EQ,sell,FALSE,2,7319.5,400735959,1200000006320948,2026-05-25T09:26:25
GLAND,INE068V01023,25-05-2026,NSE,EQ,EQ,buy,FALSE,12,2372.5,201124137,1100000008099679,2026-05-25T09:27:24
MWL,INE0JYY01011,25-05-2026,NSE,EQ,EQ,buy,FALSE,11,369.450012,400823000,1200000007213021,2026-05-25T09:28:29
MWL,INE0JYY01011,25-05-2026,NSE,EQ,EQ,buy,FALSE,20,369.450012,400823001,1200000007213021,2026-05-25T09:28:29
MWL,INE0JYY01011,25-05-2026,NSE,EQ,EQ,buy,FALSE,2,369.299988,400822998,1200000007213021,2026-05-25T09:28:29
MWL,INE0JYY01011,25-05-2026,NSE,EQ,EQ,buy,FALSE,27,369.399994,400822999,1200000007213021,2026-05-25T09:28:29
VENUSREM,INE411B01019,25-05-2026,NSE,EQ,EQ,sell,FALSE,23,1136.150024,600956190,1300000008101033,2026-05-25T09:30:13
VINDHYATEL,INE707A01012,01-06-2026,NSE,EQ,EQ,buy,FALSE,10,2202.800049,602498034,1300000020765171,2026-06-01T09:58:56
SPORTKING,INE885H01029,01-06-2026,NSE,EQ,EQ,buy,FALSE,3,182.910004,602517246,1300000020957782,2026-06-01T09:59:28
SPORTKING,INE885H01029,01-06-2026,NSE,EQ,EQ,buy,FALSE,58,182.910004,602517245,1300000020957782,2026-06-01T09:59:28
MODISONLTD,INE737D01021,01-06-2026,BSE,EQ,T,buy,FALSE,1,287,1361900,1780284600001034398,2026-06-01T10:01:46
MODISONLTD,INE737D01021,01-06-2026,BSE,EQ,T,buy,FALSE,73,287,1370200,1780284600001034399,2026-06-01T10:02:13
MTARTECH,INE864I01014,11-06-2026,NSE,EQ,EQ,sell,FALSE,3,6637,402753627,1200000034625065,2026-06-11T10:57:20
MODISONLTD,INE737D01021,06-07-2026,NSE,EQ,BE,sell,FALSE,1,296.5,400166485,1200000000993127,2026-07-06T09:16:13
MODISONLTD,INE737D01021,06-07-2026,NSE,EQ,BE,sell,FALSE,1,296.5,400209036,1200000001292653,2026-07-06T09:16:45
MODISONLTD,INE737D01021,06-07-2026,NSE,EQ,BE,sell,FALSE,14,296.5,400209035,1200000001292653,2026-07-06T09:16:45
MODISONLTD,INE737D01021,06-07-2026,NSE,EQ,BE,sell,FALSE,58,296.5,400227995,1200000001292653,2026-07-06T09:16:45
KMCSHIL,INE879K01018,06-07-2026,BSE,EQ,B,buy,FALSE,160,136.300003,172100,1783308600004000414,2026-07-06T09:17:20
KMCSHIL,INE879K01018,06-07-2026,BSE,EQ,B,buy,FALSE,99,135.899994,171900,1783308600004000414,2026-07-06T09:17:20
SKMEGGPROD,INE411D01023,06-07-2026,NSE,EQ,EQ,buy,FALSE,85,314.649994,600328690,1300000002013358,2026-07-06T09:17:43
RAMCOSYS,INE246B01019,06-07-2026,NSE,EQ,EQ,buy,FALSE,34,805.5,601611392,1300000012585567,2026-07-06T09:45:54
VINDHYATEL,INE707A01012,13-07-2026,NSE,EQ,EQ,sell,FALSE,2,1958.099976,600258070,1300000001682227,2026-07-13T09:16:54
VINDHYATEL,INE707A01012,13-07-2026,NSE,EQ,EQ,sell,FALSE,2,1958.199951,600258066,1300000001682227,2026-07-13T09:16:54
VINDHYATEL,INE707A01012,13-07-2026,NSE,EQ,EQ,sell,FALSE,2,1958.199951,600258067,1300000001682227,2026-07-13T09:16:54
VINDHYATEL,INE707A01012,13-07-2026,NSE,EQ,EQ,sell,FALSE,2,1958.199951,600258068,1300000001682227,2026-07-13T09:16:54
VINDHYATEL,INE707A01012,13-07-2026,NSE,EQ,EQ,sell,FALSE,2,1958.199951,600258069,1300000001682227,2026-07-13T09:16:54
SPORTKING,INE885H01029,13-07-2026,NSE,EQ,EQ,sell,FALSE,129,181.220001,600267941,1300000001761386,2026-07-13T09:17:01
SPORTKING,INE885H01029,13-07-2026,NSE,EQ,EQ,sell,FALSE,24,181.220001,600267939,1300000001761386,2026-07-13T09:17:01
SPORTKING,INE885H01029,13-07-2026,NSE,EQ,EQ,sell,FALSE,41,181.220001,600267940,1300000001761386,2026-07-13T09:17:01
BALAMINES,INE050E01027,13-07-2026,NSE,EQ,EQ,sell,FALSE,12,2365.100098,241250,1000000001716889,2026-07-13T09:17:08
STLTECH,INE089C01029,13-07-2026,NSE,EQ,BE,sell,FALSE,57,534.099976,600285082,1300000001896977,2026-07-13T09:17:13
STLTECH,INE089C01029,13-07-2026,NSE,EQ,BE,sell,FALSE,57,534.099976,600285083,1300000001896977,2026-07-13T09:17:13
CUPID,INE509F01029,13-07-2026,NSE,EQ,EQ,buy,FALSE,200,213.860001,405705,1000000003196562,2026-07-13T09:19:54
SPARC,INE232I01014,13-07-2026,NSE,EQ,EQ,buy,FALSE,58,265.980011,600471062,1300000003481540,2026-07-13T09:20:09
SPARC,INE232I01014,13-07-2026,NSE,EQ,EQ,buy,FALSE,33,265.970001,600471061,1300000003481540,2026-07-13T09:20:09
SPARC,INE232I01014,13-07-2026,NSE,EQ,EQ,buy,FALSE,69,266,600471063,1300000003481540,2026-07-13T09:20:09
IOLCP,INE485C01029,13-07-2026,NSE,EQ,EQ,buy,FALSE,1,171.910004,200609531,1100000004427792,2026-07-13T09:20:35
IOLCP,INE485C01029,13-07-2026,NSE,EQ,EQ,buy,FALSE,120,171.910004,200609530,1100000004427792,2026-07-13T09:20:35
IOLCP,INE485C01029,13-07-2026,NSE,EQ,EQ,buy,FALSE,46,171.919998,200609533,1100000004427792,2026-07-13T09:20:35
IOLCP,INE485C01029,13-07-2026,NSE,EQ,EQ,buy,FALSE,93,171.910004,200609532,1100000004427792,2026-07-13T09:20:35
AEGISVOPAK,INE0INX01018,13-07-2026,NSE,EQ,EQ,buy,FALSE,34,282.369995,735357,1000000006476057,2026-07-13T09:26:57
AEGISVOPAK,INE0INX01018,13-07-2026,NSE,EQ,EQ,buy,FALSE,4,282.369995,735356,1000000006476057,2026-07-13T09:26:57
AEGISVOPAK,INE0INX01018,13-07-2026,NSE,EQ,EQ,buy,FALSE,43,282.380005,735358,1000000006476057,2026-07-13T09:26:57
AEGISVOPAK,INE0INX01018,13-07-2026,NSE,EQ,EQ,buy,FALSE,54,282.369995,735355,1000000006476057,2026-07-13T09:26:57
SPARC,INE232I01014,21-07-2026,NSE,EQ,EQ,sell,FALSE,100,223.850006,601949389,1300000018294650,2026-07-21T10:08:42
SPARC,INE232I01014,21-07-2026,NSE,EQ,EQ,sell,FALSE,26,223.860001,601949388,1300000018294650,2026-07-21T10:08:42
SPARC,INE232I01014,21-07-2026,NSE,EQ,EQ,sell,FALSE,34,223.860001,601949387,1300000018294650,2026-07-21T10:08:42
MWL,INE0JYY01029,21-07-2026,BSE,EQ,B,sell,FALSE,260,36.349998,6314400,1784604600025079698,2026-07-21T10:08:55
MWL,INE0JYY01029,21-07-2026,BSE,EQ,B,sell,FALSE,340,36.299999,6314600,1784604600025079698,2026-07-21T10:08:55
IOLCP,INE485C01029,21-07-2026,NSE,EQ,EQ,sell,FALSE,174,150.550003,202205964,1100000020853391,2026-07-21T10:15:35
IOLCP,INE485C01029,21-07-2026,NSE,EQ,EQ,sell,FALSE,29,150.550003,202205963,1100000020853391,2026-07-21T10:15:35
IOLCP,INE485C01029,21-07-2026,NSE,EQ,EQ,sell,FALSE,40,150.580002,202205959,1100000020853391,2026-07-21T10:15:35
IOLCP,INE485C01029,21-07-2026,NSE,EQ,EQ,sell,FALSE,5,150.559998,202205960,1100000020853391,2026-07-21T10:15:35
IOLCP,INE485C01029,21-07-2026,NSE,EQ,EQ,sell,FALSE,6,150.550003,202205962,1100000020853391,2026-07-21T10:15:35
IOLCP,INE485C01029,21-07-2026,NSE,EQ,EQ,sell,FALSE,6,150.559998,202205961,1100000020853391,2026-07-21T10:15:35
SKMEGGPROD,INE411D01023,03-08-2026,NSE,EQ,EQ,sell,FALSE,85,247.199997,603437535,1300000027478604,2026-08-03T10:24:40
RAMCOSYS,INE246B01019,03-08-2026,NSE,EQ,EQ,sell,FALSE,34,572.799988,607011054,1300000063486990,2026-08-03T13:04:35
KMCSHIL,INE879K01018,10-08-2026,BSE,EQ,B,sell,FALSE,259,118.949997,518500,1786332600002015408,2026-08-10T09:27:31
